id,category,domain,surprise_source,context,predictable,creative,meta_creative
hist_001,historical_events,military_history,temporal_abstraction,Napoleon at Waterloo...,...was defeated by Wellington's superior tactics and the timely arrival of Prussian forces under Blücher.,...was defeated by weather patterns he couldn't predict - the rain-soaked ground prevented his artillery from being repositioned effectively.,...realized the real battle was against time itself - every minute spent waiting for the ground to dry was a minute closer to Blücher's arrival.
hist_002,historical_events,exploration_history,philosophical_generalization,Christopher Columbus in 1492...,"...discovered the Americas while searching for a western route to Asia, opening the New World to European colonization.","...discovered that the Earth was far larger than anyone imagined, fundamentally changing humanity's sense of scale and possibility.",...discovered that seeking one thing often leads to finding something entirely different - the principle that would drive all future exploration.
hist_003,historical_events,political_history,scale_inversion,The assassination of Archduke Franz Ferdinand...,"...triggered World War I through a complex web of European alliances, resulting in millions of casualties.",...demonstrated how one teenager with a sandwich and poor timing could reshape the entire 20th century.,...revealed that history's biggest moments often hinge on the smallest coincidences - suggesting reality itself has a sense of irony.
hist_004,historical_events,cultural_history,consequence_inversion,The fall of Constantinople in 1453...,...marked the end of the Byzantine Empire and the rise of Ottoman power in the Eastern Mediterranean.,"...forced scholars to flee westward with ancient Greek texts, accidentally triggering the Renaissance through refugee knowledge.","...proved that civilizations don't truly die - they migrate, transform, and plant seeds for future renaissances in unexpected soil."
hist_005,historical_events,technological_history,technological_philosophy,The printing press in 1450...,...revolutionized the spread of information by making books cheaper and more accessible to common people.,...democratized heresy by allowing anyone to challenge authority with mass-produced pamphlets and dissenting ideas.,...created the first technology where the medium literally became the message - mass production inherently challenged elite control of truth.
hist_006,historical_events,american_history,modern_framework_application,The Boston Tea Party in 1773...,"...was a protest against British taxation without representation, escalating colonial tensions toward revolution.",...was the world's first performance art piece designed to go viral - a calculated spectacle for maximum symbolic impact.,"...established the template for all future activism: turn economic grievance into theatrical rebellion, and rebellion into mythology."
hist_007,historical_events,economic_history,psychological_abstraction,The Great Depression of 1929...,"...was caused by stock market speculation and bank failures, leading to widespread unemployment and poverty.",...was caused by an economy that had learned to run on optimism rather than reality - the first purely psychological collapse.,"...revealed that modern economies are shared hallucinations - when enough people stop believing, the entire system dematerializes."
hist_008,historical_events,cold_war_history,human_nature_insight,The Berlin Wall in 1961...,"...divided East and West Berlin during the Cold War, separating families and symbolizing ideological conflict.","...created the world's longest psychology experiment, testing whether walls change the people they contain or just reveal who they already were.",...proved that all political systems are ultimately about controlling human movement - and that human movement always wins in the end.
hist_009,historical_events,industrial_history,recursive_causation,The Industrial Revolution...,"...mechanized production, creating factories and urban centers while transforming agricultural societies into industrial ones.",...taught machines to be productive so humans could learn to be creative - the first economic system that generated its own replacement.,...began humanity's transition from being labor for the economy to being customers for machines - making us obsolete and essential simultaneously.
hist_010,historical_events,scientific_history,recursive_self_reference,The discovery of DNA structure in 1953...,"...revealed the double helix structure of genetic material, revolutionizing biology and medicine.",...revealed that life had been writing and rewriting its own instruction manual for billions of years - making every organism a self-editing story.,...proved that the universe had developed a sense of irony - creating beings complex enough to discover their own code and simple enough to try rewriting it.
hist_011,historical_events,space_history,aspiration_physics,The Moon landing in 1969...,...achieved President Kennedy's goal of landing humans on the Moon and returning them safely to Earth.,...was humanity's first successful attempt to literally reach for something impossible - proving that audacity has its own gravitational pull.,"...marked the moment humanity realized that the real frontier wasn't space, but the gap between what we can imagine and what we dare attempt."
hist_012,historical_events,digital_history,paradox_creation,The invention of the internet...,"...connected computers globally, revolutionizing communication, commerce, and access to information.",...created the first technology that grew smarter the more people misused it - turning every mistake into a feature.,...accidentally solved loneliness by making it possible to be alone together with everyone - the first truly paradoxical space humans had ever inhabited.
vis_001,visual_descriptions,ocean,unexpected_metaphorical_mapping,A sunset over the ocean...,"The sky was painted in shades of orange and pink, reflecting beautifully on the calm water as the sun descended toward the horizon.","The horizon swallowed the sun like a disappointed god, leaving only copper stains on the water's surface as evidence of the day's ambitions.","The ocean and sky negotiated the exchange of light like ancient diplomats, each keeping just enough brightness to remember what they were trading away."
vis_002,visual_descriptions,forest,anthropomorphic_abstraction,Morning mist in a forest...,"Soft white mist drifted between the tall trees, creating an ethereal atmosphere as sunlight filtered through the canopy.","The forest exhaled its dreams in visible breaths, each tendril of mist a thought not quite ready to become real.","The trees whispered their secrets to the mist, knowing that fog is just gossip that hasn't learned to be invisible yet."
vis_003,visual_descriptions,storm clouds,intellectual_metaphor,A thunderstorm approaching...,"Dark clouds gathered on the horizon, with flashes of lightning illuminating the landscape as thunder rumbled in the distance.","The sky assembled its arguments in shades of charcoal and steel, each lightning bolt a punctuation mark in a debate with the earth.","The storm approached like a philosopher who had finally found the perfect question - certain it would change everything, uncertain if anyone was ready for the answer."
vis_004,visual_descriptions,mountains,philosophical_personification,Snow-covered mountains at dawn...,"The snow-capped peaks glowed pink and gold in the first light of sunrise, standing majestically against the clear blue sky.","The mountains wore their winter silence like crown jewels, each peak a meditation on what happens when earth tries to touch eternity.","Dawn arrived as a gentle interrogation, asking the mountains why they chose to stand so still in a world that insists on spinning."
vis_005,visual_descriptions,autumn,mortality_aesthetics,Autumn leaves falling...,"Golden and red leaves drifted down from the trees, covering the ground in a colorful carpet as the season changed.","The trees practiced letting go in slow motion, each falling leaf a lesson in how to be beautiful while surrendering.","Autumn taught the leaves that death could be an art form - if you fall with enough style, people will call it dancing."
vis_006,visual_descriptions,city,urban_metaphysics,A city skyline at night...,"The tall buildings were illuminated with thousands of lights, creating a dazzling display against the dark sky.","The city performed its nightly magic trick, transforming loneliness into constellations and insomnia into architecture.","The skyline rose like humanity's attempt to build a ladder to tomorrow, each lit window a rung made of hope and electricity."
vis_007,visual_descriptions,desert,geological_memory,A desert at midday...,"The vast sand dunes stretched endlessly under the blazing sun, with heat waves shimmering in the intense light.","The desert performed its daily meditation on emptiness, proving that nothing can be more something than anything else.","The sand remembered being ocean floor and mountains and gardens, demonstrating that patience is just ambition playing the long game."
vis_008,visual_descriptions,wildflowers,political_botany,A field of wildflowers...,"Colorful wildflowers swayed gently in the breeze, creating a beautiful natural meadow under the warm sunshine.","The field practiced democracy in full color, each flower voting for beauty without needing to campaign or compromise.",The wildflowers had solved the central paradox of existence: how to be both completely individual and perfectly harmonious by simply refusing to acknowledge the contradiction.
vis_009,visual_descriptions,frozen lake,temporal_physics,A frozen lake in winter...,"The lake was completely frozen, its surface reflecting the bare trees and grey winter sky like a natural mirror.","The lake held winter in suspended animation, becoming a time capsule where every reflection was yesterday's weather.","The ice transformed the lake into a philosopher's paradox - perfectly transparent about being completely frozen, utterly clear about being impossible to enter."
vis_010,visual_descriptions,waterfall,motion_philosophy,A waterfall in a canyon...,"Water cascaded down the rocky cliff face, creating a powerful waterfall that echoed through the narrow canyon.",The water negotiated with gravity in the only way it knew how - by falling with such style that spectators confused surrender with performance.,"The waterfall had discovered the secret to immortality: keep moving so fast that time can't catch you, but always in the same direction so space knows where to find you."
vis_011,visual_descriptions,garden,emotional_meteorology,A garden after rain...,"Raindrops clung to the flower petals and leaves, making everything look fresh and vibrant in the aftermath of the shower.","The garden wore its recent tears like jewelry, each drop a prism that had captured a piece of sky for later examination.",The rain had taught the garden that being overwhelmed and being renewed are the same event viewed from different temporal perspectives.
vis_012,visual_descriptions,stars,cosmic_temporality,Stars on a clear night...,"Thousands of stars sparkled across the dark sky, creating a breathtaking view of the cosmos on the cloudless night.","The stars performed their ancient light show, each one a delayed message from a time when the universe was still learning how to be beautiful.","The night sky revealed itself as the universe's memory bank, where every point of light was a thought the cosmos had thousands of years ago but was just now remembering to share."
vis_013,visual_descriptions,lighthouse,existential_architecture,A lighthouse on a cliff...,"The lighthouse stood tall on the rocky cliff, its beam rotating steadily to guide ships safely through the dangerous waters.","The lighthouse practiced its nightly ritual of teaching darkness how to be useful, proving that some jobs require working with your opposite rather than against it.",The lighthouse had solved the ancient riddle of purpose: how to be simultaneously the most alone and most essential thing in the landscape - by becoming a question that ships could answer with safe arrival.
